{
  "x_stats": {
    "min": [
      [
        [
          [
            0.0
          ]
        ],
        [
          [
            0.0
          ]
        ]
      ]
    ],
    "max": [
      [
        [
          [
            1.0
          ]
        ],
        [
          [
            0.9999814629554749
          ]
        ]
      ]
    ],
    "eps": 1e-08
  },
  "y_stats": {
    "min": [
      [
        [
          [
            0.0
          ]
        ]
      ]
    ],
    "max": [
      [
        [
          [
            0.9999814629554749
          ]
        ]
      ]
    ],
    "eps": 1e-08
  }
}